datetime,product,quote
2024-01-15 10:30:00,Product A,"This product is absolutely amazing! I love how it works and the quality is outstanding."
2024-01-15 11:45:00,Product B,"I'm not satisfied with the quality. The product doesn't meet my expectations."
2024-01-15 14:20:00,Product A,"Great value for money, highly recommend this product to everyone."
2024-01-15 16:10:00,Product C,"The product is okay, nothing special but it gets the job done."
2024-01-15 18:30:00,Product B,"Terrible experience! The product broke after just one week of use."
2024-01-16 09:15:00,Product A,"Excellent customer service and the product exceeded my expectations."
2024-01-16 12:00:00,Product C,"Average product, could be better but not bad either."
2024-01-16 15:45:00,Product B,"I regret buying this product. Waste of money and time."
2024-01-16 17:20:00,Product A,"Best purchase I've ever made! The quality is incredible."
2024-01-16 19:30:00,Product C,"The product works fine, but the price is a bit high for what you get."
2024-01-17 08:45:00,Product B,"Finally got a refund. This product is a complete disaster."
2024-01-17 11:30:00,Product A,"Amazing features and great performance. Worth every penny!"
2024-01-17 14:15:00,Product C,"It's a decent product, nothing to complain about really."
2024-01-17 16:40:00,Product B,"The worst product I've ever used. Don't waste your money."
2024-01-17 18:55:00,Product A,"Fantastic product with excellent build quality. Highly satisfied!" 